frame_idx,timestamp_s,pose_confidence,left_knee_angle_deg,right_knee_angle_deg,torso_lean_deg,stance_ratio,shoulder_width_px,hip_mid_x,hip_mid_y,left_ankle_x,left_ankle_y,right_ankle_x,right_ankle_y
39,1.3,0.37578579783439636,177.0545607853149,97.62131888025995,29.876293120477836,6.799944679932328,8.4158102119858,825.7275727689266,427.84146374464035,870.3215391635895,502.2586404681206,814.204296708107,491.0430419445038
40,1.3333333333333333,0.4365502595901489,172.45107736588642,117.61326393793831,25.96435851772889,15.092352307669527,5.745981727865951,814.9274806082249,427.09657192230225,872.095686852932,496.77878177165985,785.3904410600662,495.1586701273918
41,1.3666666666666667,0.48943641781806946,123.52890682613081,128.7342503649003,21.87377063501026,2.982115806972306,4.9820333820777725,804.0184014439583,429.22439274191856,839.962021946907,482.1546921133995,825.6810490489006,486.25155395269394
42,1.4,0.5397500991821289,116.9561539317324,149.13546249478006,14.421220348473032,56.419129760076096,1.9962969933046673,790.8474658429623,433.4462339878082,852.9232675433159,461.1068990826607,748.0505757331848,502.1810581088066
43,1.4333333333333333,0.5843716859817505,106.10396951697905,152.25827073287078,8.914514116897733,14.352871510237536,7.683898809862235,778.8250548243523,441.2804729938507,833.4754003882408,453.26636761426926,737.940626680851,508.36728888750076
44,1.4666666666666666,0.6133420467376709,70.7769283691614,136.8203539489256,3.1370105960888868,16.485636590987863,5.307311451259073,769.7103858292103,442.9235582947731,808.7630591392517,458.3001647591591,736.7971677184105,508.06141352653503
45,1.5,0.6274874210357666,46.299446157980505,148.40799286069435,3.049406276535879,8.3514780735846,7.033346362486566,762.1324850022793,442.5746042430401,781.6429487466812,469.143940448761,736.616443157196,506.86482161283493
46,1.5333333333333334,0.6087155342102051,112.11900112707109,133.03916837689104,3.001709760230147,1.1196050856394864,6.733881331898709,754.9389618933201,442.8928177654743,740.8944925069809,501.3937353491783,736.566358268261,507.5669123530388
47,1.5666666666666667,0.5998515486717224,159.28162020686713,138.1494496014465,9.252000678713078,9.109752093592292,3.838109442986129,750.8672318160534,444.44751864671707,702.0347126722336,506.142582654953,736.7830373048782,510.0221447944641
48,1.6,0.594527542591095,169.34316339039057,127.91263674602284,14.115299082028107,7.253532968540373,7.547246336991666,747.3865034282207,443.99558413028717,682.9984937906265,497.59097826480865,736.480356991291,509.2793381214142
49,1.6333333333333333,0.6162257790565491,155.71602731314658,130.61477172492533,19.418463882026245,5.131275289875222,10.609500292801659,743.5367655754089,443.0888032913208,680.5852781534195,493.72497576475143,733.3970322012901,506.9409233927727
50,1.6666666666666667,0.643602192401886,108.85080684752153,129.24425136384815,19.73894091808594,0.8745009597946216,13.72168288304385,737.5581723749638,442.1562295258045,709.09306371212,495.6789703965187,714.3320954442024,506.47450387477875
51,1.7,0.6713777184486389,115.34075642681645,104.78254454953358,14.729207279128895,1.3162096462152368,17.322032166582034,730.1448280215263,442.39964294433594,698.9734023809433,495.7806245088577,721.1277959942818,501.16547936201096
52,1.7333333333333334,0.6797072887420654,139.4223836730907,100.10207663956297,10.068852421048433,3.1813762709819855,11.891018572806022,722.6997759342194,444.7575334608555,682.4213559031487,505.6914007663727,719.4396114945412,497.8976309299469
53,1.7666666666666666,0.700888991355896,88.16805503141451,142.76629851281052,8.633361232375481,3.8643545838441637,7.9702847550225995,716.9715690910816,447.0735112428665,709.9088189601898,501.6668405532837,679.2422032952309,504.5302440524101
54,1.8,0.7087900042533875,102.73740862251353,106.3609947472786,8.032689303517376,2.455613081030265,6.291369397168864,712.2789958715439,449.4573427438736,692.2123613357544,502.39477974176407,707.5450407266617,504.2883914113045
55,1.8333333333333333,0.7048995494842529,117.92080001144664,111.03879062059951,7.872019037798159,34.346197645084764,0.8864739015113274,709.2139720618725,448.68032851815224,678.2124351263046,509.08973759412766,708.1950778365135,503.79243433475494
56,1.8666666666666667,0.707813024520874,116.06933971329714,103.98748484765638,7.486977776663345,8.624173904577324,3.4979227854539756,707.476445376873,448.5139915943146,675.9294402003288,509.57583647966385,705.4722880721092,503.47259217500687
57,1.9,0.7125533223152161,111.81140043664674,100.4833560168409,5.526855330772481,10.699929545146187,2.771019627098142,705.624409019947,449.79569831490517,676.0357039570808,509.8865237236023,704.9480154514313,503.3150832056999
58,1.9333333333333333,0.7119046449661255,104.64531480267094,94.55272187892301,5.995872535592414,9.45262902062018,3.0712070530201108,705.6916332244873,451.6880885064602,676.5397521853447,510.0532122850418,704.1919811964035,501.21284556388855
59,1.9666666666666666,0.7216617465019226,104.70362238308502,85.8286839172051,4.7905154402601635,18.239817153402587,1.6724874341700435,705.0387966930866,451.99322974681854,675.7533622980118,511.014527797699,703.7451401948929,498.88736122846603
60,2.0,0.7314590215682983,102.47501444807077,73.40285268426916,1.4930895046728416,7.955023247639484,3.8517018065911044,703.0959029197693,452.61534452438354,675.1806806325912,510.82128751277924,702.5865605473518,497.1190806031227
61,2.033333333333333,0.7430421113967896,102.09584923507897,72.8944763094708,0.24569438353637868,6.5905966034295025,4.650437708787399,703.0172525048256,452.41053104400635,675.1564189791679,510.7972774505615,702.6687150001526,497.29007518291473
62,2.066666666666667,0.749114990234375,104.74493360972859,80.49514175919776,1.658338264645441,6.7084927586138345,4.544140998695604,703.3082399964333,451.85964447259903,674.2857798337936,510.3369283080101,702.334993481636,498.3980667591095
63,2.1,0.7408491969108582,105.94785783024336,93.65955361620836,1.4631224110964494,6.801886540170924,4.242227007080382,704.3759431838989,451.46106016635895,674.5085909366608,510.19242376089096,702.5365518331528,503.3329118490219
64,2.1333333333333333,0.7334524393081665,109.47515955425493,99.218758389056,2.7159097166597825,6.576446376544582,4.285321596057224,705.4225840568542,449.47527626156807,675.0771972537041,509.8303357362747,703.0481413602829,506.3862119913101
65,2.1666666666666665,0.7250286340713501,111.30654408325547,112.57503305212136,5.201214405167788,6.866988897022289,4.0418338190479055,706.5513603389263,446.8733986020088,675.6107631921768,510.2037378549576,703.3186378479004,508.5831326842308
66,2.2,0.7092621326446533,121.713316835869,115.07569244774842,7.224658751695455,7.069909038152722,3.886018177840384,707.6200157105923,445.391196757555,676.0322760939598,510.1067599058151,703.4452021718025,508.27894765138626
67,2.2333333333333334,0.6907650828361511,136.99031277565592,126.91490321782496,7.560815296325689,14.436198759170509,1.8685701947165765,710.8646214604378,443.1636219024658,676.8778156638145,509.37019634246826,703.7964057922363,507.62581473588943
68,2.2666666666666666,0.6523458957672119,138.90561318077243,131.7063309886966,9.105414019470121,1.8636109306996065,11.181646918559803,715.1011555790901,441.2586776316166,683.1877880096436,507.6604973077774,704.0163603425026,507.02583461999893
69,2.3,0.6181983351707458,136.83450492956945,142.29652092325713,8.662285144846168,0.5427315055622317,14.56544656196026,719.1383023262024,438.2078821361065,696.2634099721909,507.4553260207176,704.1676433682442,507.57416719198227
70,2.3333333333333335,0.5868824124336243,127.87678189690352,145.429233560088,6.885070559291117,0.03402452083270596,16.916664106339542,724.0843850672245,435.38878497481346,708.2839737534523,505.6381986141205,708.1305197477341,505.0834501981735
71,2.3666666666666667,0.554485023021698,124.81327165723721,155.53195332976932,6.067516002212152,0.3950278702613551,20.166800113129156,728.606936275959,433.14270904660225,718.4158611297607,501.8720735311508,710.9586591720581,504.6746498942375
72,2.4,0.5312917232513428,125.69623255268665,152.95854033778522,3.7524684615002615,0.5076658840476789,21.566638316232705,733.9703613519669,431.1455308496952,727.0655024051666,500.33392429351807,716.8043084144592,504.1524001955986
73,2.433333333333333,0.508064329624176,132.06131585808578,149.19803758410734,2.3914127759193082,0.398621999845115,19.299575297128325,737.6934015750885,430.1682312488556,733.1531587839127,501.31470942497253,725.7570108771324,503.431987285614
74,2.466666666666667,0.4915754795074463,135.1486162571522,146.2428122159341,2.3605395152372957,0.15126962348058287,21.55309138719623,741.3622625172138,430.8059476315975,738.5269817113876,501.69799441099167,735.7544117569923,503.413393676281
75,2.5,0.47739270329475403,139.69437411338765,153.16342179937493,0.5268058026284297,0.13497463858042194,21.84099768150792,746.4174655675888,432.3017461299896,742.8448704481125,503.7053639292717,745.7880337238312,503.5368986725807
76,2.533333333333333,0.4877612292766571,146.02194757821968,148.72800270622216,0.6995265451332392,0.6925775504137184,22.136911202775696,750.4727038145065,432.778369307518,744.72177785635,506.9981971383095,759.6808582544327,503.63937944173813
77,2.566666666666667,0.5125453472137451,144.65348771653478,149.1028759366677,0.22376924000293572,1.2463471138909459,21.990640323111833,753.9459289908409,435.58472114801407,744.691993534565,507.8750702738762,771.8572755455971,504.23579382896423
78,2.6,0.5463771820068359,137.0224639922846,148.5100285393011,0.857668602391226,1.6752353369641075,22.85682820049462,757.9367805421352,438.7837843298912,744.4168884754181,508.5398750901222,782.3249411582947,503.1410781145096
79,2.6333333333333333,0.5800794363021851,134.48102149665445,152.86900825300648,0.07556065496362921,2.2415119487624504,22.795055882933625,763.0724241137505,440.92996433377266,744.2899051904678,510.0351862311363,794.9379920363426,503.28906202316284
80,2.6666666666666665,0.6143715977668762,132.6851726218189,160.28668158029444,0.2246633434695832,2.533770148094646,23.304016748743997,767.9012929797173,441.8228709101677,745.20004093647,510.653315782547,803.748590528965,502.9970670938492
81,2.7,0.6513839364051819,134.27452809972607,167.33279553651516,1.6705846590022964,2.5941746056464914,25.612994214918178,772.3640470206738,443.3389163315296,745.7728749513626,510.99658811092377,811.7478138208389,503.1105535030365
82,2.7333333333333334,0.6843440532684326,141.86123945730108,170.27725713400946,2.239647488629446,2.8653322477954086,25.538352837280897,777.9959880411625,443.47002163529396,746.2330465316772,511.02714973688126,819.1541310548782,504.92610162496567
83,2.7666666666666666,0.714421272277832,153.854388704824,174.01259123365472,1.522155675341084,2.9492294194622826,26.409740761651527,785.0906553864479,444.3028845489025,746.4306818842888,510.9505791068077,824.2742921113968,508.30997812747955
84,2.8,0.7403966784477234,168.38536001573354,179.30878130015668,2.6985112934885054,2.789049840010034,27.728884855245653,791.4877525866032,443.9003458619118,748.5378274321556,510.75135481357574,825.8546131849289,508.9726977944374
85,2.8333333333333335,0.763566255569458,176.48645770675375,179.08102024615076,2.221058690817595,2.5580528094006447,28.293771351250932,798.875978320837,443.6163769066334,753.9491283297539,510.7118480205536,826.2904088497162,508.439479470253
86,2.8666666666666667,0.7835948467254639,179.42456839343524,177.6231135631158,1.2014258448592963,2.1884727872733323,30.162323333064368,805.7710869014263,443.3718160390854,760.4383779168129,510.58110052347183,826.4016239643097,508.11245650053024
87,2.9,0.8018336892127991,179.71297854860515,178.47068313724665,1.4600376666567156,1.75631477720046,32.495290141693204,810.6930222511292,443.30960085988045,770.0305292010307,510.28484892845154,827.069638311863,508.34875696897507
88,2.933333333333333,0.8179306983947754,173.41577393204807,177.7571527984288,1.4424466625915207,1.4028398849605683,33.550590327435984,815.4139705598354,439.81777161359787,780.052191734314,508.68990713357925,827.1154955029488,508.1762941479683
89,2.966666666666667,0.8310490250587463,172.50657485903886,178.94712942635294,1.3042170815072471,1.028946524847084,33.14260372818127,820.3957030773163,435.15737041831017,793.5441848039627,505.7669720053673,827.5598227381706,508.1919512748718
90,3.0,0.8433893918991089,175.4829320806399,179.65091629376272,0.7350083888720566,0.7490307440231426,31.78513773984943,825.7690689563751,429.7075674831867,807.2791752815247,503.8921513557434,830.7915740013123,507.6324896812439
91,3.033333333333333,0.8526074290275574,177.15281849823188,179.46826542442116,0.4662757541950103,0.5489214642349666,32.02051429966983,830.6253226399422,426.9589088857174,819.9170972108841,503.3347872495651,837.392762362957,505.2171218395233
92,3.066666666666667,0.8652588129043579,175.09363015725447,178.27211349380585,1.1307953671328272,0.4422411248898006,31.557177474350652,834.8761585652828,425.06989935040474,830.0423573851585,500.35468941926956,843.5652012228966,503.80422961711884
93,3.1,0.8758614659309387,173.3821447918653,178.0416923684964,1.445984699338952,0.3916397365221768,31.15438245412484,839.6440685987473,422.6025199890137,839.5879659056664,499.42850065231323,851.0997205376625,503.472148001194
94,3.1333333333333333,0.8865586519241333,171.90886169377566,178.56858462547265,1.4457328718313,0.5758098603310053,30.14975896040411,844.0867315530777,423.2930066883564,846.2474279403687,499.52287524938583,863.4949497580528,501.5004851222038
95,3.1666666666666665,0.897371768951416,165.60754053703863,177.19994699620986,1.3054061759328135,0.8291399322355844,29.490187314575728,848.8056612312794,424.73721316456795,851.6873705387115,500.07004803419113,876.1348903179169,500.51076716184616
96,3.2,0.9068512916564941,162.28637841517622,179.5108487538573,1.06948040410116,1.1694755302995297,26.645406720314053,853.8923054039478,425.96858635544777,856.1786329746246,501.0306602716446,887.3194744586945,499.9057900905609
97,3.2333333333333334,0.9134684801101685,155.35568297755597,175.00800054939947,0.4188354689856767,1.630936907088238,24.47152128524894,859.0150944888592,428.1070673465729,859.432627260685,503.88030672073364,898.9732187986374,498.45167607069016
98,3.2666666666666666,0.8921541571617126,157.7442030839767,172.8826473710674,0.132146062954,2.751732414245047,19.30922321461696,864.4170449376106,432.9370750784874,859.8616814613342,506.62039029598236,911.6972943544388,494.9468485713005
99,3.3,0.8410930037498474,160.28752321731523,164.71092884732963,0.31730878535120294,2.392655413677037,11.754011850011457,868.7635563313961,435.6006867289543,899.0592200756073,491.8995324373245,872.958860874176,502.37289184331894
